{"cameraMode":{"drawMode":0,"name":"Shaded","section":"Shading Mode"},"sceneLighting":false,"audioPlay":false,"sceneViewState":{"showFog":true,"showMaterialUpdate":false,"showSkybox":false,"showFlares":true,"showImageEffects":true,"showParticleSystems":true},"in2DMode":false,"pivot":{"x":2.2570104598999025,"y":0.8339999914169312,"z":-1.814799427986145},"rotation":{"x":0.13042213022708894,"y":-0.014873779378831387,"z":0.001957328524440527,"w":0.9913450479507446},"size":5.513903617858887,"orthographic":false}