{"cameraMode":{"drawMode":0,"name":"Shaded","section":"Shading Mode"},"sceneLighting":true,"audioPlay":false,"sceneViewState":{"showFog":true,"showMaterialUpdate":false,"showSkybox":true,"showFlares":true,"showImageEffects":true,"showParticleSystems":true},"in2DMode":false,"pivot":{"x":-2.0212697982788088,"y":0.8841320276260376,"z":-2.1342828273773195},"rotation":{"x":-0.1005866602063179,"y":0.3341132700443268,"z":-0.035887282341718677,"w":-0.936462938785553},"size":8.00568675994873,"orthographic":false}