{"cameraMode":{"drawMode":0,"name":"Shaded","section":"Shading Mode"},"sceneLighting":false,"audioPlay":false,"sceneViewState":{"showFog":true,"showMaterialUpdate":false,"showSkybox":false,"showFlares":true,"showImageEffects":true,"showParticleSystems":true},"in2DMode":false,"pivot":{"x":7.211767196655273,"y":-0.3858799934387207,"z":-3.2791080474853517},"rotation":{"x":-0.013928650878369809,"y":-0.633417010307312,"z":0.011400268413126469,"w":-0.7736012935638428},"size":102.33916473388672,"orthographic":true}