{"cameraMode":{"drawMode":0,"name":"Shaded","section":"Shading Mode"},"sceneLighting":false,"audioPlay":false,"sceneViewState":{"showFog":true,"showMaterialUpdate":false,"showSkybox":false,"showFlares":true,"showImageEffects":true,"showParticleSystems":true},"in2DMode":false,"pivot":{"x":4.091032981872559,"y":0.7970083355903626,"z":-1.0640000104904175},"rotation":{"x":0.08578547835350037,"y":0.04998582974076271,"z":-0.004310925025492907,"w":0.9950496554374695},"size":0.7420492172241211,"orthographic":true}