{"cameraMode":{"drawMode":0,"name":"Shaded","section":"Shading Mode"},"sceneLighting":false,"audioPlay":false,"sceneViewState":{"showFog":true,"showMaterialUpdate":false,"showSkybox":false,"showFlares":true,"showImageEffects":true,"showParticleSystems":true},"in2DMode":false,"pivot":{"x":-0.33412161469459536,"y":0.6799707412719727,"z":0.20244741439819337},"rotation":{"x":0.051251016557216647,"y":-0.037444423884153369,"z":0.0019234633073210717,"w":0.9979817867279053},"size":2.745234251022339,"orthographic":false}