{"cameraMode":{"drawMode":0,"name":"Shaded","section":"Shading Mode"},"sceneLighting":false,"audioPlay":false,"sceneViewState":{"showFog":true,"showMaterialUpdate":false,"showSkybox":false,"showFlares":true,"showImageEffects":true,"showParticleSystems":true},"in2DMode":false,"pivot":{"x":122.9422607421875,"y":-15.269999504089356,"z":2.4999990463256838},"rotation":{"x":0.0049920096062123779,"y":-0.055777616798877719,"z":0.0002779396891128272,"w":0.9984307885169983},"size":420.92254638671877,"orthographic":true}