{"cameraMode":{"drawMode":0,"name":"Shaded","section":"Shading Mode"},"sceneLighting":false,"audioPlay":false,"sceneViewState":{"showFog":true,"showMaterialUpdate":false,"showSkybox":false,"showFlares":true,"showImageEffects":true,"showParticleSystems":true},"in2DMode":false,"pivot":{"x":1.0910093784332276,"y":1.4100000858306885,"z":-1.814799427986145},"rotation":{"x":0.0741741806268692,"y":-0.2402096837759018,"z":0.018410203978419305,"w":0.9677079319953919},"size":1.7994853258132935,"orthographic":true}