{"cameraMode":{"drawMode":0,"name":"Shaded","section":"Shading Mode"},"sceneLighting":false,"audioPlay":false,"sceneViewState":{"showFog":true,"showMaterialUpdate":false,"showSkybox":false,"showFlares":true,"showImageEffects":true,"showParticleSystems":true},"in2DMode":false,"pivot":{"x":5.589813709259033,"y":0.8072127103805542,"z":-1.8822002410888672},"rotation":{"x":0.24874785542488099,"y":-0.10148059576749802,"z":0.02621617540717125,"w":0.962880551815033},"size":5.894516944885254,"orthographic":false}