{"cameraMode":{"drawMode":0,"name":"Shaded","section":"Shading Mode"},"sceneLighting":false,"audioPlay":false,"sceneViewState":{"showFog":true,"showMaterialUpdate":false,"showSkybox":false,"showFlares":true,"showImageEffects":true,"showParticleSystems":true},"in2DMode":false,"pivot":{"x":4.091032981872559,"y":0.7970083355903626,"z":-1.0640000104904175},"rotation":{"x":0.24874785542488099,"y":-0.10148059576749802,"z":0.02621617540717125,"w":0.962880551815033},"size":0.7420492172241211,"orthographic":false}