{"cameraMode":{"drawMode":0,"name":"Shaded","section":"Shading Mode"},"sceneLighting":false,"audioPlay":false,"sceneViewState":{"showFog":true,"showMaterialUpdate":false,"showSkybox":false,"showFlares":true,"showImageEffects":true,"showParticleSystems":true},"in2DMode":false,"pivot":{"x":1.0910093784332276,"y":1.4100000858306885,"z":-1.814799427986145},"rotation":{"x":0.24874785542488099,"y":-0.10148059576749802,"z":0.02621617540717125,"w":0.962880551815033},"size":1.7994853258132935,"orthographic":false}