{"cameraMode":{"drawMode":0,"name":"Shaded","section":"Shading Mode"},"sceneLighting":true,"audioPlay":false,"sceneViewState":{"showFog":true,"showMaterialUpdate":false,"showSkybox":true,"showFlares":true,"showImageEffects":true,"showParticleSystems":true},"in2DMode":false,"pivot":{"x":9.90994644165039,"y":21.312397003173829,"z":6.037325859069824},"rotation":{"x":-0.008141852915287018,"y":0.9895733594894409,"z":-0.12968595325946809,"w":-0.06212794780731201},"size":47.59550857543945,"orthographic":false}