{"cameraMode":{"drawMode":0,"name":"Shaded","section":"Shading Mode"},"sceneLighting":false,"audioPlay":false,"sceneViewState":{"showFog":true,"showMaterialUpdate":false,"showSkybox":false,"showFlares":true,"showImageEffects":true,"showParticleSystems":true},"in2DMode":false,"pivot":{"x":7.211767196655273,"y":-0.3858799934387207,"z":-3.2791080474853517},"rotation":{"x":0.01902608573436737,"y":0.9704062342643738,"z":-0.22650769352912904,"w":0.08151144534349442},"size":144.540283203125,"orthographic":false}