{"cameraMode":{"drawMode":0,"name":"Shaded","section":"Shading Mode"},"sceneLighting":false,"audioPlay":false,"sceneViewState":{"showFog":true,"showMaterialUpdate":false,"showSkybox":false,"showFlares":true,"showImageEffects":true,"showParticleSystems":true},"in2DMode":false,"pivot":{"x":122.9422607421875,"y":-15.269999504089356,"z":2.4999990463256838},"rotation":{"x":-0.008141852915287018,"y":0.9895733594894409,"z":-0.12968595325946809,"w":-0.06212794780731201},"size":420.92254638671877,"orthographic":false}