{"cameraMode":{"drawMode":0,"name":"Shaded","section":"Shading Mode"},"sceneLighting":false,"audioPlay":false,"sceneViewState":{"showFog":true,"showMaterialUpdate":false,"showSkybox":false,"showFlares":true,"showImageEffects":true,"showParticleSystems":true},"in2DMode":false,"pivot":{"x":1.0910093784332276,"y":1.4100000858306885,"z":-1.814799427986145},"rotation":{"x":-0.008141852915287018,"y":0.9895733594894409,"z":-0.12968595325946809,"w":-0.06212794780731201},"size":1.7994853258132935,"orthographic":false}