{"cameraMode":{"drawMode":0,"name":"Shaded","section":"Shading Mode"},"sceneLighting":false,"audioPlay":false,"sceneViewState":{"showFog":true,"showMaterialUpdate":false,"showSkybox":false,"showFlares":true,"showImageEffects":true,"showParticleSystems":true},"in2DMode":false,"pivot":{"x":4.091032981872559,"y":0.7970083355903626,"z":-1.0640000104904175},"rotation":{"x":-0.008141852915287018,"y":0.9895733594894409,"z":-0.12968595325946809,"w":-0.06212794780731201},"size":0.7420492172241211,"orthographic":false}